{ 
  "Number of roads": 2,
  "Initial facing 1": "South",
  "Initial facing 0": "East",
  "Corner Location X 1": [320,320,1120],
  "Corner Location Y 1": [90,240,240],
  "Corner Location X 0": [0,1120],
  "Corner Location Y 0": [400,400],
  "Wave HPs 0": [20,20, 20, 40, 40, 40, 50,100,500],
  "Wave time 0":[50,50,100,100,100,200,400,200,500],
  "Wave HPs 1": [20,20, 20, 40, 40, 40, 50,100,500],
  "Wave time 1":[50,50,100,100,100,200,400,200,500],
  "Seed":1911,
  "Initial money": 20
}