{ 
  "Number of roads": 3,
 
  "Initial facing 0": "East",
  "Initial facing 1": "South",
  "Initial facing 2": "North",
  "Corner Location X 0": [0,1120],
  "Corner Location Y 0": [320,320],
  "Corner Location X 1": [160,160,640,640,1120],
  "Corner Location Y 1": [90,240,240,160,160],
  "Corner Location X 2": [160,160,640,640,1120],
  "Corner Location Y 2": [560,400,400,480,480],
  "Wave HPs 0": [ 0, 0, 0, 0, 0, 0,500,500,500],
  "Wave time 0":[20,20,20,40,10,50,100,100,100],
  "Wave HPs 1": [20,20, 40,100,100,  0, 0, 0],
  "Wave time 1":[50,50,100,100,100,200,200,100],
  "Wave HPs 2": [20,20, 40,100,100,  0, 0, 0],
  "Wave time 2":[50,50,100,100,200,200,400,100],
  "Seed":9891,
  "Initial money": 35
}